cohort,metric,estimate,bootstrap_mean,lo,hi,n_valid,n_undefined,status,n_variants,n_groups,n_boot
headline,AUC,0.9300532399396623,0.9336462920845379,0.8921986251642225,0.9744571543595825,2000,0,ok,7125,167,2000
headline,R90_recall,0.8450782997762863,0.8439961948066989,0.7999961459403906,0.8876903104374497,2000,0,ok,7125,167,2000
headline,R90_precision,0.8548797736916549,0.857464098764166,0.6994977241603038,0.9716811454601179,2000,0,ok,7125,167,2000
coding_nontruncating,AUC,0.8147647101227954,0.820946185847411,0.7015433792330098,0.9201369214005138,2000,0,ok,3121,148,2000
coding_nontruncating,R90_recall,0.910010111223458,0.9092749608020977,0.8578451792068038,0.9513301902796234,2000,0,ok,3121,148,2000
coding_nontruncating,R90_precision,0.5253940455341506,0.5393610224539741,0.3304014244304246,0.7711169304081998,2000,0,ok,3121,148,2000
random_split,AUC,0.9962977566230018,0.996085643407748,0.9937619484823321,0.9978262506517981,2000,0,ok,7125,167,2000
random_split,R90_recall,0.9054809843400448,0.90352899460918,0.8684896938568866,0.9311385923138432,2000,0,ok,7125,167,2000
random_split,R90_precision,0.9932515337423313,0.9931467526985399,0.9871446550331757,0.9971028738372788,2000,0,ok,7125,167,2000
all_tier,AUC,0.930111580480856,0.9323707029491379,0.8822513568901671,0.9754265076722616,2000,0,ok,7736,183,2000
all_tier,R90_recall,0.8556725706079464,0.8540347201948395,0.812516615737204,0.8880514497313283,2000,0,ok,7736,183,2000
all_tier,R90_precision,0.8953168044077136,0.8956361618805374,0.7978942082076041,0.9708277381370141,2000,0,ok,7736,183,2000
ge2star,AUC,0.9665793726945275,0.9679414113462049,0.9420278158466142,0.9873444078430931,2000,0,ok,3554,141,2000
ge2star,R90_recall,0.8929279576999339,0.8919779009312689,0.8350132663035889,0.9369061825109701,2000,0,ok,3554,141,2000
ge2star,R90_precision,0.8958885941644562,0.8982696771588078,0.7961025372102939,0.9659389998242459,2000,0,ok,3554,141,2000
